COM_CODE,UPC,DESCRIP,SIZE,CASE,NITEM
478,1410007012,P FARM RF FDG DIPPED,7 OZ,1,1282020
478,1410007016,PEP FRM CHERRY COBBL,9 OZ,1,1282370
478,1410007056,~PF,5.3 OZ,24,1282670
480,1410007070,PEP FARM KID'S PACK,1.75 O,54,9880510
478,1410007174,PPF PERSONAL FAVORIT,5 OZ,1,1282120
478,1410007188,PPF DESSERT FAVORITE,9.25OZ,1,1282130
478,1410007219,$PEPP FARM CAFE' FAV,8.25OZ,1,1282490
478,1410007223,PF GOLDFISH COOKIES,24/10O,1,1282640
478,1410007233,PPF PARTY FAVORITES,13.25O,1,1282170
478,1410007234,PF GOLDFISH COOKIES,24/10O,1,1282620
478,1410007297,PPF FAM REQ CHOCOLAT,10 OZ,1,1282240
478,1410007402,P FARM SOUTHPORT ASS,9.75 O,1,1282020
478,1410007403,MILANO SINGLE SERVE,.5 OZ,1,9811590
478,1410007404,CHOCOLATE CHANTILLY,7.25 O,1,1282230
478,1410007405,P FARM CHAMPAGNE ASS,7.75OZ,1,1282080
478,1410007406,P FARM PIROUETTE,5.5 OZ,1,1282120
478,1410007407,CHESSMAN SINGLE SERV,.75 OZ,1,9811600
478,1410007408,P FARM CHOCOLATE PIR,5.5 OZ,1,1282140
478,1410007410,$PEPP FARM BORDEAUX,6.75 O,1,1282530
478,1410007411,PEPPERIDGE FARM LIDO,7 OZ,1,1282360
478,1410007412,P FARM MILANO PP,6 OZ,1,1282220
480,1410007413,CAMPBELLS SOUP OYSTE,8.5 OZ,1,9852080
478,1410007414,P FARM TAHITI,6.25OZ,1,1282260
478,1410007415,P FARM NASSAU,6.5 OZ,1,1282280
478,1410007416,PEPPERIDGE FARM CAPR,6.5 OZ,1,1282350
478,1410007419,P FARM GENEVA COOKIE,5.5 OZ,1,1289250
478,1410007420,$PEPP FARM BRUSSEL M,6.25OZ,1,1282460
478,1410007421,P F CHOC CHUNK PECAN,6.5 OZ,1,1282530
478,1410007422,PF MEDAILLIN AU BEUR,4.6 OZ,22,1282830
478,1410007424,P FARM CAPPUCINO COO,6 OZ,1,1282940
478,1410007429,P FARM HAZELNUT,8 OZ,1,1282670
477,1410007430,P. FARM AQUARIUM PAC,2 OZ,1,9808960
478,1410007431,$PEPP FARM CHOCOLATE,5 OZ,1,1282470
478,1410007433,P FARM O/F OATMEAL R,6 OZ,1,1282640
478,1410007434,~P FARM O/F LEM NUT,5.5 OZ,1,1282660
478,1410007435,P FARM ORANGE MILANO,7 OZ,1,1282180
478,1410007436,$PF O/F BRN CHO NUT,5.5 OZ,1,1282620
478,1410007438,P FARM O/F SUGAR COO,5.25OZ,1,1282740
478,1410007440,P F MLK CHOC MACADAM,6.5 OZ,1,1282550
478,1410007441,P FARM FUDGE STRIPE,7 OZ,1,1282230
478,1410007443,P FARM O/F IRISH OAT,5 OZ,1,1282780
478,1410007444,P FARM OLD FASH SHOR,5.5 OZ,1,1282700
478,1410007445,P FARM O/F GINGERMAN,5 OZ,1,1282650
478,1410007446,P FARM O/F MOLASSES,5.75 O,1,1282150
480,1410007448,CHEDDAR GOLDFISH SNK,.5 OZ,1,9811620
478,1410007457,SELECTION DE CHOIX P,7.1 OZ,12,1283210
478,1410007462,P FARM APRICOT RASP,6.75 O,1,1282100
478,1410007464,P FARM STRAWBERRY CO,6.75 O,1,1282110
478,1410007471,P. FARM MONTE CARLO,16.75O,24,9882990
478,1410007472,P FARM DOUBLE CHOC M,7.5 OZ,1,1282190
478,1410007478,PEPPRDGE FRM ZURICH,7.25 O,1,1282130
478,1410007481,~P FARM CARM PEC SOF,9 OZ,1,1282680
478,1410007482,PEP FARM OATMEAL RAI,9 OZ,1,1282750
478,1410007505,PECAN SHORTBREAD,5.5 OZ,1,1282290
478,1410007506,CHOCOLATE TOFFEE CHI,5.5 OZ,1,1282300
478,1410007514,PPF FAM REQ OATMEAL,11.5OZ,1,1282250
478,1410007515,CARROT WALNUT,6.25OZ,1,1282990
478,1410007516,WALNUT DATE,6.25OZ,1,1282960
478,1410007517,CRANBERRY HONEY,6.25OZ,1,1282970
478,1410007518,OATMEAL RAISIN,6.25OZ,1,1282950
479,1410007522,P FARM TAHOE AMER CO,7.25 O,1,1282610
478,1410007523,PPF FAM REQ CINN SUG,10 OZ,1,1282260
478,1410007524,PPF FAM REQ PEANUT B,10.25O,1,1282270
479,1410007537,`P FARM CHARLESTON A,7.25 O,1,1282510
478,1410007549,P FARM RF BROWNIE NU,7 OZ,1,1282240
478,1410007560,APPLE OATMEAL TART,6.75 O,1,1283010
478,1410007561,PEP FRM RASPBERRY TA,6.75 O,1,1283000
478,1410007567,P FARM MILK CHOC MIL,6.25OZ,1,1292260
478,1410007580,PEP FRM PEACH TART P,6.25OZ,1,1282380
478,1410007583,PF GOLDFISH COOKIES,24/10,1,1282600
478,1410007596,PF ESPRIT BLANC,5.3 OZ,24,1282790
478,1410007619,SAUSALITO SINGLE SER,.5 OZ,1,9811570
478,1410007634,PEP FRM CHC DIP BORD,6.75 O,1,1282350
478,1410007649,CHESAPEAKE SINGLE SE,.5 OZ,1,9811580
480,1410007664,P FARM HALLOWEEN GOL,5 OZ,1,9813050
478,1410007665,PPF CHOCOLATE CHUNK,9.25OZ,1,1282630
478,1410007666,P. FARM PARIS COOKIE,8.5 OZ,1,1282090
478,1410007667,PEP FRM SOFT M/CHC M,9.25OZ,1,1282680
478,1410007668,$PF CHOC CHOC WALNUT,9.25OZ,1,1282450
478,1410007669,P FARM SEVILLE ASSTM,9.25 O,1,1282060
478,1410007686,MINT MILANO SNGL SER,.75 OZ,1,9811610
478,1410007687,CHOCOLATE CHIP SINGL,.75 OZ,1,9811560
478,1410007695,PF DELICE AU CHOCOLA,5.3 OZ,24,1283170
478,1410007696,NANTUCKET SINGLE SER,.5 OZ,1,9811550
478,1410007706,PF AMER COL BEACON H,6 OZ,1,128256
478,1410007708,PF AMER COL CHESAPEA,6 OZ,1,1282570
478,1410007712,PF AMER COL SAUSALIT,6 OZ,1,1282580
478,1410007713,PF AMER COL NANTUCKE,6 OZ,1,1282590
478,1410007729,$PF AMER COL SANTE F,6 OZ,1,1282440
485,1410007742,P.F. NUTTY DEL. GOLD,9.25 O,1,1283200
478,1410007765,PF HIGHLAND SHORTBRE,7.1 OZ,20,1283190
478,1410007773,P FARM FF CHOC FUDGE,6.4 OZ,1,1282120
478,1410007774,ICED FF OATMEAL RAIS,6.4 OZ,1,1282680
478,1410007775,RASPBERRY CHANTILLY,6.25OZ,1,1282670
478,1410007798,DAKOTA AMERICAN COLL,6.5 OZ,1,1282520
478,1410007825,CHEYENNE AMERICAN CO,6.5 OZ,1,1282510
478,1410007863,PEPPERIDGE FARM LINZ,8 OZ,1,1282390
478,1410007864,PEPPERDG FRM CHANTIL,7.5 OZ,1,1282400
478,1410007906,P FARM DATE PECAN,5.75 O,1,1282910
478,1410007907,P FARM RAISIN BRAN,5.5 OZ,1,1282920
478,1410007946,P FARM BRUSSELS COOK,5.25OZ,1,1282330
478,1410007947,P FARM MINT MILANO P,7 OZ,1,1282200
478,1410007952,P FARM BUTTER CHESSM,7.25 O,1,1282320
478,1410007959,P FARM ORLEANS (SUMM,5.25 O,1,1282250
478,1410007991,CHOCOLATE CHANTILLY,6.9 OZ,1,1282620
478,1410007992,PEP FARM R/F VANILLA,6.9OZ,1,1282640
477,1470001022,SALERNO CIRCUS ANIMA,11 OZ,12,1272890
477,1470001080,SALERNO BONNIE SHORT,9 OZ,12,1270350
477,1470001100,SALERNO BUTTER COOKI,8 OZ,12,1270450
477,1470001110,SALERNO BUTTER COOKI,16 OZ,12,1270550
477,1470001123,BUTTER COOKIE ANGEL,12 OZ,12,1270400
477,1470001130,SALERNO CHOCOLATE CH,7 OZ,12,1270600
477,1470001133,BUTTER COOKIE CHOCO,12 OZ,12,1270410
477,1470001140,RF BUTTER COOKIES,8 OZ,12,1270720
477,1470001143,SALERNO L'IL CHIPS,10 OZ,12,1272910
477,1470001153,SALERNO CHOC CROWNS,10 OZ,12,1270700
477,1470001163,SALERNO MINI BUTTER,10 OZ,12,1270430
477,1470001170,SALERNO COCONUT BARS,8.5 OZ,12,1270950
477,1470001183,SALERNO COCONUT CRIS,10.5OZ,12,1271100
477,1470001263,SALERNO MINI BUTTER,10 OZ,12,1270420
477,1470001273,SALERNO MINI BUTTER,10 OZ,12,1270440
477,1470001813,SALERNO FUDGE SUNDAE,10 OZ,12,1271650
477,1470002053,SALERNO CHOC GRAHAMS,16 OZ,12,1270740
477,1470002103,SALERNO ICED OATMEAL,11.5OZ,12,1271750
477,1470002173,~SALERNO CARMEL PATT,9 OZ,12,1271860
477,1470002183,SALERNO MINT CREAM P,10 OZ,12,1271850
477,1470002193,SALERNO MINT CREAM P,10 OZ,12,1271850
477,1470002213,SALERNO GOLDEN ROUND,16 OZ,12,1272950
477,1470002783,SALERNO ROYAL GRAHAM,16 OZ,12,1272030
477,1470002813,SAL BITE SIZEMULTI-G,11.5OZ,12,1272230
477,1470002833,MINI DINOSAUR ORIGIN,10 OZ,12,1271960
477,1470002843,SAL MINI CHOCOLATE D,10 OZ,12,1271910
477,1470002853,SAL MINI CINNAMON DI,10 OZ,12,1271980
477,1470002867,SALERNO DINOSAUR GRR,13 OZ,12,1273550
478,1470002869,BURRY EUPHRATES,8.82 O,12,1273890
478,1470002870,BURRY MILK LUNCH,11.46O,12,123390
477,1470002893,MINI DINOSAUR VARIET,7.5 OZ,12,1273560
477,1470002983,SALERNO ASST SUGAR W,10 OZ,12,1273400
477,1470002993,SALERNO ASST SUGAR W,10 OZ,12,1273400
477,1470002994,SALERNO S/F VAN CRM,9 0Z,12,1270660
477,1470002995,SALERNO S/F CHOC CRM,9 0Z,12,1270680
477,1470003053,SALERNO WINDMILL COO,11.5OZ,12,1272900
477,1470004373,SALERNO DEVILS FOOD,8 OZ,12,1273720
477,1470004413,SALERNO VANNILA CREM,12 OZ,12,1272920
477,1470004423,SALERNO CHOCOLATE CR,12 OZ,12,1272930
477,1470004433,~SALERNO OATMEAL PNT,12 OZ,12,1272940
477,1470004513,OATMEAL RAISIN RING,9 OZ,12,1271710
477,1470004523,SUGAR RINGS,9 OZ,12,1271730
477,1470004533,LEMON RING,9 OZ,12,1271700
477,1470004543,COCO CHIP RING,9 OZ,12,1271720
477,1470004723,SALERNO PEANUT BUTTE,9 OZ,12,1271610
477,1470004733,SALERNO PEANUT BUTTE,10 OZ,12,1271610
477,1470005173,WWF SUPERSTAR COOKIE,10 OZ,12,1273570
477,1470005373,SALERNO GINGER SNAPS,16 OZ,12,1271660
477,1470005553,SALERNO  ANIMAL  CRA,11 OZ,12,1272880
477,1470005563,SALERNO VANLLA WAFER,12 OZ,12,1272870
477,1470006023,GINGERBREAD COOKIES,13 OZ,12,9840050
477,1470006033,SLRNO MINI BTR HOLID,8 OZ,12,9840270
477,1470006043,`SANTS BAKESHOP,13 OZ,12,9840060
477,1470006203,SUPER MARIO BROS. II,10 OZ,12,1273580
477,1470006684,SALERNO FF FIG BARS,12 OZ,12,1272400
477,1470006685,SALERNO FF RASPBERRY,12 OZ,12,1272410
477,1470006686,SALERNO FF FRUIT BAR,12 OZ,12,1272420
477,1470006823,~SALERNO ROYAL BTR C,10 OZ,12,1272050
477,1470006833,SALERNO ROYAL STRIPE,11.5OZ,12,1272060
477,1470006843,SALERNO ROYAL STRIPE,16 OZ,12,1272180
477,1470007333,OATMEAL SCOOTER,12 OZ,12,1271940
477,1470007343,ORGINAL SCOOTER PIE,9.5 OZ,12,1271930
477,1470007350,SALERNO SCOOTER PIE,12 OZ,12,1272080
477,1470007360,SALERNO ROYAL CRISPY,9 OZ,12,1272070
477,1470007363,FUDGETOWN CREME,12.5 O,12,1271270
477,1470007373,GAUCHO CREMES,12.5 O,12,1271280
477,1470007543,SALERNO ROYAL GRAHAM,12 OZ,12,1272000
478,1560000320,LU CHOCOLATIERS,6.7 OZ,12,1273500
478,1560000510,LU DIPPED CHOCLATIER,5.29OZ,12,1273520
478,1560000810,LU PETITE-BEURRE,7.05 O,12,1273840
478,1560000840,BURRY CROKINE CRISP,3.53 O,12,1273940
478,1560000850,BURRY-LU PIMS CHOC,5.29OZ,12,1274020
478,1560001140,`LU MARIE LU,10 OZ,12,1273850
478,1560001250,LU SCHOOLBOY DRK,5.29OZ,12,1272010
478,1560001285,MARIE LU FUDGE,6.5 OZ,12,1271270
478,1560001286,MARIE LU WHOLEWHEAT,10 OZ,12,1273780
478,1560001610,LU BUTTER TWIST,5.29 O,12,1273990
478,1560001670,LU MILK LUNCH,12.5OZ,12,1233900
478,1560002322,LU LE PATISSIRE,4.4 OZ,12,1273800
478,1560008353,LU CREME WAFER,3.52 O,12,1271250
478,1560008358,LU SCHOOLBOY MILK,5.29OZ,12,1272020
478,1560008359,LU PECAN DELLE,5.29 O,12,1274030
477,1560008361,LU JAVA CHOCOLATIERS,4.4 OZ,12,1273810
478,1560008362,LU SPICE CRISPS,7.05 O,12,1273790
478,1560008363,MINI MARIE LU,10 OZ,12,1271260
478,1560008370,$LU PIMS RASPBERRY,5.29OZ,12,1273530
478,1560008372,LU LETRUFFE-PRALINE,3.5 OZ,12,1273510
478,1560008973,SAL LU CHIPS CHOC,7.03 O,12,1273790
478,1899600005,CADBURY MKCHOC COV F,5.29 O,12,1200330
478,1899600006,CADBURY DKCHOC COV F,5.29OZ,12,1200420
478,2055202211,GAMESA CREAMY SNDWCH,35 OZ,6,1298080
485,2100000108,HANDI SNACK COOKIE J,5 EA,12,1214231
485,2100061077,~KRFT HNDI SNK COOKI,8 CT,12,1214241
478,2169802283,PARCO VICT HORSE COO,22 OZ,24,9812950
478,2230668385,TURANO MATILDES AMAR,7 OZ,1,1201730
478,2230668386,TURANO MATILDES CHMP,7 OZ,1,1201740
478,2230668387,TURANO MATILDES PUFF,7 OZ,1,1201750
478,2230668390,TURANO MATILDES PUFF,7 OZ,1,1201760
480,2410012194,HIHO BUTTER FLAVOR,8 OZ,12,1292850
477,2410012274,SUNSHINE CHEEZ-IT,24 OZ,12,1292830
480,2410012894,HI HO MULTI GRAIN,8 OZ,12,1292820
477,2410020090,KEEBLER ALL AMER ANI,8.5 OZ,12,1292690
477,2410020108,SUNSHINE SCHOOL HOUS,8 OZ,12,1293130
477,2410021136,KEEBLR A AMER BUTTER,8.5 OZ,12,1292700
477,2410021171,SUNSHINE MINI FUDGE,8 OZ,12,1293220
477,2410021301,GOLDEN FRUIT CRANBER,8 OZ,12,1202420
479,2410024090,SUNSHINE CHOC-COOKIE,8 OZ,12,1293031
477,2410024112,MINI CHOCOLATE CHIP-,12 OZ,12,1293270
477,2410024115,SUNSHINE CHIP-A-ROOS,17.5 O,12,1293230
477,2410024124,CHIP-A-ROOS SINGLE S,1.7 OZ,48,1259650
477,2410024190,KEEBLER AMER MINI CH,8.5 OZ,12,1292710
479,2410024416,SUNSHINE CHIP-O-LOTO,16 OZ,12,1293040
477,2410024516,SNSHN OATMEAL CHOC C,16 OZ,12,1293210
478,2410024901,SALERNO CHOC CHOC CH,8 OZ,12,1271800
478,2410024902,SALERNO CHOC CHIP W/,8 OZ,12,1271760
478,2410024903,SALERNO PREMIER CHOC,8 OZ,12,1271740
478,2410024904,CHOC CHP SHRTBREAD W,8 OZ,12,1271810
477,2410025094,SUNSHINE VANILLA WAF,11 OZ,12,1292960
479,2410025376,S.S. GRAHAM CRUMB SH,13.5 O,48,9890861
477,2410025627,SUNSHINE COUNTRY STY,16 OZ,12,1293240
477,2410025812,SUNSHINE LEMON COOLE,12 OZ,12,1293280
477,2410025890,KLBR ALL AMNR LMN CO,8.5 OZ,12,1292730
477,2410026101,SUPER MARIO CINNAMON,12 OZ,12,1293170
477,2410026203,SUPER MARIO CHOCOLAT,12 OZ,12,1293160
477,2410026301,SUPER MARIO HONEY CO,12 OZ,12,1293150
477,2410026708,SUNSHINE GRAHAMY BEA,8 OZ,12,1292730
477,2410035261,SUNSHINE MALLOWPUFFS,9 OZ,12,9812190
477,2410036428,SUNSHINE SPRINKLES,9 OZ,12,9812200
477,2410044301,~HYDROX R/F,11.25,12,1202400
477,2410044304,KEEBLER HYDROX REDUC,16 OZ,12,1292840
477,2410044311,HYDROX SINGLE SERVE,2.12 O,48,1259630
477,2410044388,KEEBLER HYDROX COOKI,16 OZ,12,1292830
477,2410044390,HYDROX TRAIL PACK,11.2 O,12,9840710
477,2410044391,~SUNSHINE HYDROX SND,20 OZ,12,1292990
477,2410044602,VIENNA FINGER REDUCE,12 OZ,12,1202410
477,2410044604,VIENNA FINGERS REDUC,16 OZ,12,1202400
477,2410044801,SUNSHINE FDG FMLY BE,16 OZ,12,1292930
479,2410044901,SUNSHINE FDG FAM BEA,16 OZ,12,1293080
477,2410045001,SUNSHINE FDG FAM BRS,16 OZ,12,1292920
477,2410046216,~REDUCED FAT CHOC VI,12,12,1293010
477,2410046316,SUNSHINE BAVARIAN FI,16 OZ,12,1293090
477,2410046424,VIENNA FINGER SINGLE,2 OZ,48,1259640
477,2410046441,S. VIENNA FINGER TRA,12 OZ,12,9840140
477,2410046445,SUNSHINE VIENNA FING,16 OZ,12,1293010
477,2410046450,SUN VIENNA FINGERS,20 OZ,12,1293020
477,2410064226,SUNSHINE ASST SUGAR,12 OZ,12,1273450
477,2410064288,KLBR SUGAR WAFERS-VA,12.OZ,12,1292810
477,2410064413,KLBR SUGAR WAFRS PEA,11.0OZ,12,1292800
477,2410064501,~OH BERRY FF SUGAR W,6 OZ,12,1273480
477,2410064601,~R/F OH BERRY RASPBE,6.5 OZ,12,1273490
477,2410071745,SUNSHINE STRIPED SHO,11.5OZ,12,1292950
477,2410071801,SUNSHINE ENROBED GRA,12.5OZ,12,1292940
477,2430003181,SUNBELT APPLE BAR,10 OZ,16,21120
477,2430004117,LITTLE DEB. DTCH APP,13 OZ,16,21130
477,2430004166,BANANA MARSHMALLOW P,11 OZ,16,21340
479,2455901025,BUTTER BABIES-BUTTER,12 OZ,12,1290401
477,2455901026,BUTTER BABIES CHOCOL,12 OZ,12,1290320
477,2455901027,BUTTER BABIES PECAN,12 OZ,12,1290310
478,2528900005,ADIN LEMON CREAM WAF,7 OZ,24,1201570
478,2528900006,ADIN VANILLA CREAM W,7 OZ,24,1201560
478,2528900007,ADIN CHOC CREAM WAFE,7 OZ,24,1201550
478,2550080107,FOLGERS DECAF 39OZ,39 OZ,8,2206571
478,2750001005,CINNAMON SNAP BAG$,15 OZ,1,1280910
478,2750001006,LEMON SNAP BAG$,15 OZ,1,1280920
478,2750001009,ARCHWAY FROSTY LEMON,9.5 OZ,1,1280040
477,2750001074,ARCHWAY PARTY TREATS,10 OZ,1,9813150
477,2750001077,CHERRY NOUGAT,11 OZ,1,9813190
477,2750001078,ARCHWAY NUTTY NOUGAT,11 OZ,1,9813350
477,2750001082,ARCHWAY WEDDING CAKE,11 OZ,1,9813290
478,2750001170,ARCHWAY RSN OTMEAL B,15 OZ,1,1280890
478,2750001317,ARCHWAY MOLASSES COO,9 OZ,1,1280000
478,2750001318,$ARCHWAY SUGAR COOKI,9 OZ,1,1280600
478,2750001337,ARCHWAY COCONUT BARS,10 OZ,1,1280290
478,2750001339,ARCHWAY CINNAMOM APP,11 OZ,1,1280020
478,2750002010,ARCHWAY APPLE FILLED,10.5OZ,1,1280140
478,2750002039,ARCHWAY CHOC CHIP IC,10 OZ,1,1280200
478,2750002040,ARCHWAY PECAN ICE BO,10 OZ,1,1280180
477,2750002054,ARCHWAY CASHEW NOUGA,11 OZ,1,9813370
478,2750002063,$ARCH FRUIT N HONEY,11 OZ,1,1280540
478,2750002066,ARCHWAY LEMON DROP C,10 OZ,1,1280260
478,2750002067,SUGAR ROUND COOKIES,10 OZ,1,1280110
478,2750002072,PEANUT JUMBLE,10 OZ,1,1280130
478,2750002073,ARCHWAY CHOCOLATE CH,11 OZ,1,1280560
478,2750002077,ARCHWAY MOLASSES SP,16 OZ,1,1280700
478,2750002080,`ARCHWAY CHOC CHIP S,16 OZ,1,1280710
478,2750002083,RUTH OATMEAL,16 OZ,1,1280750
478,2750002084,ARCHWAY CINN APPLE S,16 OZ,1,1280720
478,2750002086,~ARCHWAY PEANUT BTR,10 OZ,1,1280340
477,2750002123,ARCHWAY ICED GINGERB,8 OZ,1,9813120
477,2750002124,ARCHWAY ALMOND CRESC,7.5 OZ,1,9813090
477,2750002133,ARCHWAY CRANBERRY NU,11 OZ,1,9813280
478,2750002139,ARCHWAY OLD FASHION,10.75O,1,1280010
477,2750003061,ARCHWAY BELLS & STAR,10 OZ,1,9812820
478,2750003135,ARCHWAY GRMT OATMEAL,12 OZ,1,1280500
478,2750004005,ARCHWAY SOFT SUGAR,11 OZ,1,128024
478,2750004007,ARCHWAY LEMON DROP C,10 OZ,1,1280260
478,2750004015,ARCHWAY OLD FASH OAT,9.5 OZ,1,1280320
478,2750004016,ARCHWAY CHOC CHIP RO,9 OZ,1,1280560
478,2750004033,ARCHWAY APPLE N RAIS,9 OZ,1,1280420
478,2750004040,ARCHWAY STARS & BELL,10 OZ,1,9812430
478,2750004042,ARCHWAY CHERRY CHIP,9 0Z,1,9812450
478,2750004050,ARCHWAY RUTHS OATMEA,9 OZ,1,1280520
478,2750004051,ARCHWAY FRUIT/HONEY,11 OZ,1,1280540
478,2750004058,ARCHWAY WEDDING CAKE,9 0Z,1,9812470
478,2750004060,RUTHS SUPREMES,9 OZ,1,1280500
478,2750004073,ARCHWAY FUDGE/NUT CO,9.5 OZ,1,1280280
477,2750004075,ARCHWAY HOLIDAY PAK,11 OZ,1,9813380
478,2750004076,ARCHWAY GNGR SNAP BA,16 OZ,1,1280860
478,2750004077,ARCHWAY CHOC CHIP BA,15 OZ,1,1280880
478,2750004084,ARCHWAY CHOC CHIP &,12 OZ,1,1280410
478,2750004085,ARCHWAY FRUIT & NUT,11 OZ,1,9812400
478,2750004086,$ARCHWAY COCONUT MAC,11.5OZ,1,1280640
478,2750004098,~ARCHWAY OATMEAL & R,13.5OZ,1,1280740
478,2750004099,ARCHWAY CHOC CHIP &,15 OZ,1,1280760
478,2750004101,ARCH CHERRY MACAROON,11.5OZ,1,1280300
478,2750004104,ARCHWAY HOLIDAY PAK,9.5 OZ,1,9812440
478,2750004170,ARCHWAY SELECT ASST.,15 OZ,1,128090
478,2750004171,ARCHWAY OATMEAL RAIS,11 OZ,1,1280310
478,2750004177,ARCHWAY OLD FSHN OAT,14 OZ,1,1280700
478,2750004178,ARCHWAY FROSTY LEMON,16.75O,1,1280710
478,2750004180,ARCHWAY CHOCOLATE CH,13.5OZ,1,1280730
478,2750004183,ARCHWAY PEANUT NOUGA,9 0Z,1,9812380
478,2750004184,ARCHWAY SHAMROCK COO,10 OZ,1,9812270
478,2750004191,ARCHWY OTML APLE BRA,9.5 OZ,1,1280330
478,2750004202,ARCHWAY MOLASSES FAM,15 OZ,1,1280770
478,2750004203,ARCHWAY WINDMILL COO,12.5OZ,1,1280850
478,2750004205,ARCHWAY VARIETY PACK,14 OZ,1,128078
478,2750004207,ARCHWAY MALTED NOUGA,9 OZ,1,9812540
478,2750004208,$ARCHWAY VANILLA WAF,15 OZ,1,1280870
478,2750004209,ARCHWAY HOLIDAY SUGA,9 OZ,1,981248
478,2750004210,FROSTED WREATH COOKI,9 0Z,1,9812490
478,2750004213,$ARCHWAY ICED OATMEA,9.5 OZ,1,1280620
478,2750004214,ARCHWAY ICED OATMEAL,14.5 O,1,1280610
478,2750004216,ARCHWAY OATMEAL PECA,9.5 OZ,1,1280370
478,2750004217,ARCHWY WHL WHT OATME,9.5 OZ,1,1280380
478,2750004218,ARCHWAY OATMEAL CRNC,9.5 OZ,1,1280360
478,2750004219,$ARCHWAY FUDGE & NUT,14 OZ,1,1280670
478,2750004220,ARCHWAY HOLIDAY OATM,16 OZ,1,9812500
478,2750004221,ARCHWAY HLDAY BROWNI,16 OZ,1,9812570
478,2750004223,ARCHWAY F/F GRANOLA,11 OZ,1,1280430
478,2750004224,ARCHWAY F/F OATMEAL,11 OZ,1,1280440
478,2750004225,ARCHWAY F/F FRUIT BA,10.5OZ,1,1280450
478,2750004226,ARCHWAY F/F LEMON NU,11 OZ,1,1280460
478,2750004227,ARCHWAY F/F CINN HON,11 OZ,1,1280470
478,2750004233,ARCHWAY OATMEALRASPB,11 OZ,1,1280400
478,2750004234,ARCHWAY ICED BROWNIE,12.5OZ,1,1280350
478,2750004236,$ARCH AUNT BEA'S POU,11 OZ,1,1280630
478,2750004238,ARCHWAY FATFREE OATM,11 OZ,1,1280490
478,2750004239,ARCHWAY ICED BROWNIE,10 OZ,1,1280350
478,2750006008,ARCHWAY FROSTY LEMON,16.75O,1,1280580
478,2750007063,ARCHWAY PFEFFERNUSSE,10 OZ,1,9812460
478,2750007120,ARCHWAY TREES,10 OZ,1,9812420
478,2750007134,ARCHWAY OATMEAL CRNC,9.5 OZ,1,128036
478,2750007136,ARCHWAY MOLASSES COO,11 OZ,1,1280000
478,2750007200,EASTER CHICKS,9 OZ,1,1298700
478,2750007201,EASTER BUNNIES,9 OZ,1,1298720
478,2750007202,EASTER EGGS,9 OZ,1,1298710
478,2750007229,ARCHWAY PECAN CRUNCH,16 OZ,1,1280930
478,2750007292,"""BE MY VALENTINE"" CO",9 OZ,1,9812280
478,2750007321,ARCHWAY EASTER TREAT,9 OZ,1,9812310
478,2750007322,"ARCHWY ESTR BNNY,EGG",9 OZ,1,9812320
478,2750007323,ARCHWAY CHOC EASTER,9 OZ,1,9812480
478,2750009040,$ARCHWAY RUTHS OATME,11 OZ,1,1280520
478,2750061204,~ARCHWAY CARROT CAKE,12 OZ,1,1280490
478,2750061319,ARCHWAY CHOC CHIP SU,11 OZ,1,1280070
478,2750061325,ARCHWY GRMT RUTH'S G,12 OZ,1,1280510
478,2750061327,$ARCH DATE FILLED OA,10.5OZ,1,1280060
478,2750061328,ARCHWAY APPLE FILLED,10.5OZ,1,1280140
478,2750061333,ARCHWAY FROSTY LEMON,11 OZ,1,1280040
478,2750061336,ARCHWAY OLD FASH OAT,10.5OZ,1,1280320
478,2750061364,$ARCH APRICOT FILLED,10.5OZ,1,1280120
478,2750061365,ARCHWAY STRAW FILLED,10.5OZ,1,1280100
478,2750061366,ARCHWAY RASP FILLED,10.5OZ,1,1280090
478,2750061367,ARCHWY BLUEBRRY FILL,10.5OZ,1,1280080
478,2750061372,ARCHWAY DUTCH COCOA,10 OZ,1,1280030
478,2750061381,~ARCHWAY CHOCO CHIP&,12 OZ,1,1280590
478,2750061396,ARCHWAY OATMEAL SP,15.75O,1,1280570
478,2750061397,ARCHWAY OF MOLASSES,16.5 O,1,1280730
478,2750061398,~ARCHWAY DUTCH COCOA,15 OZ,1,1280740
477,2750061400,ARCHWAY COCONUT MACA,13.75,1,1280170
478,2750061401,~ARCHWAY ROCKY ROAD,12 OZ,1,1280050
478,2750061413,~ARCHWAY MUD PIES,10.5OZ,1,1280690
478,2750061428,ARCHWAY ICED GINGERB,8.5 OZ,1,9812590
478,2750061439,ARCHWAY WINDMILL COO,12.5OZ,1,1280850
477,2750061463,ARCHWAY PECAN MALTED,11 OZ,1,9813360
478,2750061466,ARCHWAY ICED OATMEAL,12 OZ,1,1280620
478,2750061477,ARCHWAY ICED OATMEAL,18 OZ,1,1280760
477,2750061479,ARCHWAY FRUIT CAKE,11 OZ,1,9813340
478,2750061480,ARCHWAY FIG BARS,14 OZ,1,1280250
477,2750061485,ARCHWAY WDDNG CKE CL,10 OZ,1,9813410
478,2750071307,ARCHWAY FF FIG BARS,13 OZ,1,1299810
478,2750071308,~ARCHWAY FATFREE  AP,12.5OZ,1,1280770
478,2750071310,ARCHWAY OATMEAL RAIS,11 OZ,1,1280310
478,2750071311,OAT RSN SPAK,16 OZ,1,1280360
477,2750071322,ARCHWAY FROSTY TREAT,10 OZ,1,9813390
477,2750081119,ARCHWAY FAT/F BELLS,8.5 OZ,1,9812830
478,2750081125,~ARCHWAY FF CRAN BAR,12.5OZ,1,1280780
478,2750081126,FAT FREE SUGAR COOKI,8.5 OZ,1,1280210
478,2750081127,ARCH FF CHOC,8.5 OZ,1,1280160
478,2750081133,AUNT BEA'S POUND CAK,10 OZ,1,1280200
478,2750081171,ARCH LF OATMEAL APPL,8.5 OZ,1,1280370
478,2980101200,D&O ALMOND COOKIE,5.29OZ,12,1202580
478,2980102200,D&O WAFFLE CRISP,5.29OZ,12,1202570
478,2980104200,D&O PATISSERIE WAFFL,4.4 OZ,12,1202590
478,2980105200,D&O BUTTER ROYALES,5.29OZ,12,1202600
477,3010001610,KEEBLER DELUXE GRAHA,12.5OZ,12,1284540
477,3010001636,~TOFFEE TOPPERS,10 OZ,12,1284350
477,3010001644,KEEBLER FUDGE & CARA,11 OZ,12,1284550
477,3010001651,KEEBLER P.B. FUDGEBU,10.5OZ,12,1284340
477,3010001669,KEEBLER TOFFEE SANDI,18 OZ,12,1285570
477,3010001677,KEEBLER S'MORES FUDG,9.5 OZ,12,1284500
477,3010001685,RF FUDGE STRIPES,9 OZ,12,1284760
477,3010002022,KEEBLER CHOCOLATE GR,16 OZ,12,1284240
477,3010002048,KEEBLER HONEY NUT GR,16 OZ,12,1284280
477,3010002071,KEEBLER FUDGE MARSH,9 OZ,12,1285010
477,3010002089,~KEEBLER APL/CINN GR,16 OZ,12,1284300
477,3010002139,KEEBLER LF HONEY GRA,14 OZ,12,1284310
477,3010002212,KEEBLER LF CINN GRAH,12.5OZ,12,1284320
477,3010002618,KEEBLER COCONUT CHOC,13 OZ,12,1285400
477,3010002626,KEEBLER COCONUT CHOC,18 OZ,12,1285580
477,3010002717,KEEBLER PECAN-SANDIE,12 OZ,12,1285550
477,3010002782,KEEBLER ALMOND SANDI,16 OZ,12,1285570
477,3010002816,KEEBLER PITTER PATTE,15 OZ,12,1285950
480,3010003137,KBLR CLUB TOUCH OF C,16 OZ,12,1284150
477,3010003210,~KBLE CHOC FUDGE SAN,15 OZ,12,1285900
477,3010003319,KEEBLER FUDGE STRIPE,11.5OZ,12,1284530
477,3010003814,KEEBLER OLD FASHION,13 OZ,12,1284670
477,3010004135,KBLR FIG BARS $,15 OZ,12,1284640
477,3010004812,~KEEBLER FR VANILLA,15 OZ,12,1286100
477,3010005074,ELFIN DELIGHTS DEVIL,8.25OZ,12,1284870
477,3010005116,ELFIN DELIGHTS DEVIL,8.25OZ,12,1284860
477,3010005140,ELFIN DELIGHTS CHEWY,8 OZ,12,1284800
477,3010005157,~ELFIN CARMEL APL OA,8 OZ,12,1284810
477,3010005165,ELFIN VANILLA CREME,8.5 OZ,12,1284820
477,3010005173,ELFIN FUDGE CREME SA,8.5 OZ,12,1284830
477,3010005181,ELFIN CINNAMON GRAHM,10 OZ,12,1284840
477,3010005215,ELFIN ANIMAL CRACKER,10 OZ,12,1284850
477,3010005223,ELFIN DELIGHTSVAN/VA,8.5 OZ,12,1285730
477,3010005314,KEEBLER VANILLA WAFE,12 OZ,6,1284520
477,3010005322,VANILLA WAFERS REDUC,10 OZ,6,1285640
477,3010005397,KEEB RF CHOC WAFERS,11 OZ,6,1285350
477,3010005421,ELFIN VANILLA CREME,8.5 OZ,12,1284820
477,3010005447,ELFIN FUDGE CREME SA,8.5 OZ,12,1284830
477,3010005454,ELFIN DELIGHTSVAN/VA,8.5 OZ,12,1285730
477,3010005801,KEEBLER FUDGE STICKS,8.5 OZ,12,1284600
477,3010006973,KEEBLER ANIMAL CRACK,2 OZ,24,9884800
477,3010010108,POPCORN-WHITE CHEDDA,4 OZ,12,1287010
477,3010010132,POPCORN-HONEY CARAME,7 OZ,12,1287020
477,3010011312,KIDS COOKIES-ALPA GR,16 OZ,6,1285080
477,3010011338,KIDS COOKIES-ICED AN,16 OZ,6,1285050
477,3010011353,KIDS COOKIES-PLAYLAN,16 OZ,6,128505
477,3010011387,KIDS COOKIES-BABY BE,16 OZ,6,1285004
480,3010011890,MUNCHEMS SOUTHWESTER,7.25,6,1284390
480,3010011924,MUNCHEMS SOUTHWSTRN,7.75OZ,6,1284400
480,3010011999,KEEBLER MUNCHEMS SOU,8.5 OZ,6,1286200
477,3010012062,KEEBLER ICED ANIMAL,20 OZ,6,128525
477,3010012294,CC HEARTY OATMEAL,11 OZ,12,1285020
477,3010012302,KBLR CLASS COL HLDY,11 OZ,12,9812860
477,3010012328,CC PEANUT BUTTER,11 OZ,12,1285030
477,3010012351,CC SPARKLING SUGAR,11 OZ,12,1285040
477,3010012385,CC FRENCH VANILLA CR,12 OZ,12,1284460
477,3010012419,CC CHOC FUDGE CREME,12 OZ,12,1284480
477,3010014068,KEEBLER OATMEAL CREM,15 OZ,12,128575
477,3010014076,KEEBLER GRASSHOPPERS,15 OZ,12,1284620
477,3010014084,KEEBLER CHIPSIES,15 OZ,12,128463
477,3010014217,MINI MIDDLES CHOCLAT,11 OZ,6,1285650
477,3010014225,MINI MIDDLES SHORTBR,11 OZ,6,1285660
477,3010014233,MINI MIDDLE OATMEAL,11 OZ,6,1285670
480,3010015586,MUNCH'EMS REDUCED SA,7 OZ,6,1286820
480,3010015610,MUNCHEM BI PACK,14 OZ,6,9800130
477,3010016584,KEEBLER PECAN SANDIE,17 OZ,12,1285560
477,3010016741,PECAN SANDIES REDUCE,16 OZ,12,1285660
477,3010016782,KEEBLER PECAN PRALIN,16 OZ,12,1285600
480,3010017053,WHEATABLES GARDEN VE,8.5 OZ,6,1285200
477,3010017657,DOUBLE DOMINOES/FDGE,16 OZ,12,128485
477,3010019638,BITE SIZE CHIPS DELU,11 OZ,6,1285700
477,3010019646,BITE SIZE RAINBOW CH,11 OZ,6,1285720
477,3010019653,BITE SIZE PECAN SAND,11 OZ,6,1285710
477,3010021022,KEEBLER CHIPS DLX CO,13 OZ,12,1286900
477,3010021162,KEEBLER CHIPS DELUXE,12 OZ,12,9881330
477,3010021188,~CHIPS DELUXE BAKERY,18 OZ,12,1286890
477,3010021196,$KEEBLER CHIPS DELUX,18 OZ,12,1286920
477,3010021220,KEEB PECAN CHIPS DEL,15 OZ,12,1285680
477,3010021238,BS CHIPS DELUXE SING,1.5 OZ,24,1284910
477,3010021246,BS RAINBOW C.D. SING,1.5 OZ,24,1284900
477,3010021303,CHIPS DELUXE REDUCED,16 OZ,12,1284950
477,3010021329,BS PECAN SANDIES SIN,1.5 OZ,24,1284920
477,3010021709,KEEBLER FUDGE SHOPPE,ASST,144,9812200
477,3010021758,DELUXE GRAHAM SINGLE,1.75 O,24,1284930
477,3010021766,FUDGE STRIPE SINGLE,2 OZ,24,1284940
477,3010021774,KEEBLER FUDGE SHOPPE,ASST,144,9812200
477,3010021808,KEEBLER CHOC LOVERS,16 OZ,12,1285690
477,3010021964,KEEBLER FUDGE SHOPPE,ASST,144,9812200
477,3010022285,KEEBLER FUDGE SHOPPE,ASST,144,9812200
477,3010022319,~RAISN RUCKUS CHC CO,16 OZ,12,1285600
477,3010022327,~RAISIN RUSKUS PLUM,16 OZ,12,1285610
477,3010031005,SWEET SPOTS,15 OZ,12,1284330
477,3010031021,~SWEET SPOTS,10 OZ,12,1284290
477,3010032524,FUDGE DOMINO GRAH/CH,10 OZ,12,128468
477,3010032532,FUDGE DOMINO CHOC/WH,10 OZ,12,128469
477,3010040030,MAGIC MDL SHRTBRD LR,16 OZ,12,1285590
477,3010040055,MAGIC MIDDLES OATMEA,11 OZ,12,1285640
477,3010040063,KBLR MAGIC MIDDLES S,11 OZ,12,1285610
477,3010040071,KBLR MAGIC MIDDLES W,11 OZ,12,1285600
477,3010040089,~MAGIC MIDDLES,16 OZ,12,1285630
477,3010040097,KBLR MAGIC MIDDLES C,11 OZ,12,1285620
477,3010041855,ELFKINS VANILLA,11 OZ,6,1284310
477,3010041889,KEEBLER ELFKINS BUTT,11 OZ,6,1284300
477,3010041897,KEEBLER ELFKINS DOUB,11 OZ,6,1284320
477,3010042994,SFT BATCH CHCO CHP C,17 OZ,12,1284800
477,3010043000,SFT BATCH CHIP CRM M,11 OZ,12,1284790
477,3010043059,KEEBLER SOFT BATCH C,12 OZ,12,1284700
477,3010043075,KBLR SFT BTCH MINT C,12 OZ,12,1284780
477,3010043166,KBLR SFT BTCH WLNT C,12 OZ,12,1284740
477,3010043190,KBLR SOFT BATCH OATM,12 OZ,12,1284710
477,3010043208,SFT BTCH PNT BTR $,12 OZ,12,1284720
477,3010043224,SFT BTCH PNT BTR CHO,12 OZ,12,1284770
477,3010043703,KBLR SOFT BATCH CHOC,18 OZ,12,1284730
477,3010043711,KBLR SFT BTCH OATMEA,18 OZ,12,1284750
477,3010043760,SOFT BATCH CHOC CHIP,18 OZ,12,9886910
477,3010043778,SOFT BATCH OATML RAI,18 OZ,12,9886920
477,3010044057,KEEBLER GRASSHOPPER,10 OZ,12,1284610
477,3010047217,RAINBOW CHIPS DLX HL,12 OZ,12,9885120
477,3010047274,KEEBLER RAINBOW CHIP,12 OZ,12,1284130
477,3010047290,KBLR RAINBOW CHIPS D,16 OZ,12,1284140
477,3010054189,KBLR HRVST WHT & CHD,9 OZ,12,1286360
477,3010055491,KEEBLER EL FUDGE BUT,10 OZ,12,1284650
477,3010055509,KEEBLER EL FUDGE DOU,10 OZ,12,1284690
477,3010055525,KEEBLER E.L. FUDGE C,10 OZ,12,1284550
477,3010055558,KEEBLER EL FUDGE VAN,10 OZ,12,1284670
477,3010055566,KEEB EL FUDGE SAND X,10 OZ,12,9812330
477,3010055632,E.L. FUDGE VANILLA,1.75 O,1,9840720
477,3010055640,E.L. FUDGE BUTTER FU,1.75 O,1,9840710
477,3010055657,E.L. FDG SNDWCH DBL,16 OZ,12,1284590
477,3010055681,E.L FUDGE SANDWICH-V,16 OZ,12,1284560
477,3010055699,E.L. FUDG SANDW. CK,16 OZ,12,1284570
477,3010055822,KEEBLER EL FUDGE SND,15 OZ,12,1284430
477,3010055855,EL FUDGE SANWICH FDG,15 OZ,12,1284440
477,3010055897,ELFUDGE SANDWICH CHO,15 OZ,12,1284410
477,3010067900,RIPPLINS-RANCH,6.5 OZ,12,1287180
478,3013301234,BISTEFANI PASTERFROL,9 0Z,12,1279660
478,3013301250,BISTEFANI OFELLE,8 OZ,12,1279640
478,3013301320,BISTEFANI LE ESSE,11.25,12,1279630
477,3153559210,KNOTT'S BOYSENBERRY,10,12,1269310
477,3153559310,KNOTT'S BRY FARM APR,10.0,12,1269300
479,3420000577,RIPON CC CREME SANDW,18 OZ,12,129120
479,3420000642,~RIPON FDG CRM WAFER,9 OZ,12,1291161
479,3420000723,RIPON STRIPED DAINTY,10 OZ,12,1291021
479,3420000724,RIPON FUDGE GRAHAM M,10 OZ,12,1291041
479,3420000725,RIPON FUDGE WAFER MI,10 OZ,12,1291061
479,3420000954,RIPON VAN CRM WAFERS,7 OZ,12,1291001
477,3420001012,GOLDEN BATCH WAFER S,5.5 OZ,72,9812510
478,3425813020,TWOOKIES PEANUT BUTT,EACH,288,1234770
478,3425813030,TWOOKIES CHOCO FUDGE,EACH,288,1234780
478,3425813040,TWOOKIES VANILLA CR,EACH,288,1234790
478,3425813060,TWOOKIES CHOCO CHIP,2.15 O,288,1234860
478,3425814220,TWOOKIE II PNUT BUTT,2.75 O,1,1234800
478,3425814330,TWOOKIE II CHOCOLATE,2.75 O,1,1234810
478,3425814440,TWOOKIE II VANILLA,2.75 O,1,1234820
478,3425814550,TWOOKIE II STWBRY YO,2.75 O,1,1234830
477,3433414340,THE SCOTTIE BAR,1 CT,192,9812221
478,3449270001,DESTROOPER BUTTER WA,6.1 OZ,12,1202500
478,3538310616,BALTIC ALMOND ROLL,16 OZ,1,1428
477,3538320308,KOLACKY,8 OZ,1,14240
478,3574215225,$HEALTH VALL FF CHOC,7 OZ,12,1252320
478,3574215230,HEALTH VALL FF CHC C,6.25 O,12,1252310
477,3574261002,HV FF FRT CHK BANANA,6.25OZ,12,1253560
477,3574261003,HV FF FRT CHK OAT/RA,6.25OZ,12,1253570
477,3574261034,HV FF MINI RSP/APL C,6.25OZ,12,1253550
477,3574261035,HV MINI APL/CIN COOK,6.25OZ,12,1253540
478,3680002598,W.C CHOC CHIP COOKIE,7 OZ,12,1201140
478,3680002599,W.C CHOC CHIP W/PECA,7 OZ,12,1201130
478,3680002600,W.C PEANUT BUTTER W/,7 OZ,12,1201120
478,3680002602,W.C. COOKIE FUDGE CR,10 OZ,12,1201110
478,3680002603,W.C. COOKIE LEMON CR,10 OZ,12,1201100
479,3680016530,~W.C.CHOC CHIP ALL B,12 OZ,12,1289661
479,3680016531,~W.C. CHC CHIP W/PCN,12 OZ,12,1289671
479,3680016532,~W.C.RAISIN OATML CK,12 OZ,12,1289681
479,3700048534,D H RTS C C LRG SIZE,16 OZ,12,121002
479,3700048536,DH RTS OATML RASIN C,11 OZ,12,121006
479,3700048594,DH RTS CHOC CHIP CKI,11 OZ,12,121003
479,3700048595,DH MLK CHOC CHIP COO,11 OZ,12,121004
477,3744910007,FROOKIE 7-GRAIN OATM,7 OZ,12,1259850
477,3744910060,FRKIE VANILLA POWER,9 OZ,12,9815580
477,3744910063,CINNAMON POWER GRAHA,9 OZ,12,9815590
,3744915011,,,,
477,3744915014,FROOKIE'S F.F. APPLE,6.25OZ,12,1259920
485,3744916002,FROOKIE FF CRK PEPPE,4 OZ,12,1288230
485,3744916003,FROOKIE FF HERB/GARL,4 OZ,12,1288240
485,3744916004,FROOKIE FF WHL WHT C,4 OZ,12,1288200
477,3744919100,$FROOKIE 50% LF CHOC,5.5 OZ,12,1259980
477,3744919120,$FROOKIE 50% LF LEMO,5.5 OZ,12,1259890
479,3828112177,~DOM NC-N-CHWY OATME,12 OZ,12,1289121
479,3828112181,~DOM NC-N-CHWY CHOC,12 OZ,12,1289081
479,3828112185,~DOM NC-N-CHWY CHOC,12 OZ,12,1289101
479,3828112261,DOM DUPLEX CREMES,2 LB,12,1289171
479,3828112263,DOM DUPLEX SAND CREM,16 OZ,12,1289521
479,3828112265,DOM ASST CREMES,2 LB,12,1289181
479,3828112267,DOM ASSTD SAND CREME,16 OZ,12,1289531
479,3828112269,DOM VANILLA CREMES,2 LB,12,1289191
479,3828112271,DOM VANILLA SAND CRE,16 OZ,12,1289511
479,3828112273,DOM OLD FASH CHOC CH,18 OZ,18,1289141
479,3828112277,DOM OLD FASH OATMEAL,18 OZ,18,1289211
479,3828112281,DOM ASST OLD FASH CO,18 OZ,18,1289221
479,3828112285,DOM VANILLA WAFERS,12 OZ,12,1289151
479,3828112289,DOM REAL CHOC CHIP C,18 OZ,12,1289161
479,3828112290,DOM REAL CHOC CHIP C,18 OZ,12,1289161
479,3828112329,DOM SUGAR WAFERS,9 OZ,12,1291231
479,3828112405,DOM CHOC SAND CREMES,16 OZ,12,1289501
479,3828112407,~DOM DELUXE CHOC SND,20 OZ,12,1289091
479,3828112409,DOM LEMON SAND CREME,16 OZ,12,1289541
479,3828112413,DOM PECAN-A-LICIOUS,19 OZ,12,1289131
479,3828112417,~DOM BUTTER FLAVORED,8 OZ,12,1289561
479,3828112421,DOM PNT BTTR SNDWCH,16 OZ,12,1289551
479,3828112465,DOMINICK'S CINNAMON,16 OZ,12,1289071
479,3828112473,DOM STRIPED SHORTBRE,11.5OZ,12,1289331
479,3828112474,~DOM MINT CREMES,11 OZ,12,1290081
479,3828112477,DOM FUDGE GRAHAMS,12 OZ,12,1289341
479,3828112478,~DOM FUDGE GRAHAMS,16 OZ,12,1290071
479,3828112493,DOM FF FIG BARS,12.5OZ,12,1290091
479,3828112497,DOM FF APPLE BARS,12.5OZ,12,1290101
479,3828112501,DOM FF PEACH/APRICOT,12.5OZ,12,1290111
479,3828112505,DOM LF CHOC DEVILS F,6.75 O,12,1290061
479,3828112513,~DOM RF WHITE CHOC C,8.25OZ,12,1289351
479,3828112517,~DOM RF FUDGE SAND C,8 OZ,12,1289361
479,3828112521,~DOM RF CREME SANDWI,8 OZ,12,1289371
479,3828112525,~DOM RF MIN CHOC CHI,8 OZ,12,1289291
479,3828112529,~DOM RF MINI CINNAMO,8 OZ,12,1289301
479,3828112593,DOM CHUNKY CHOCOLATE,16 OZ,12,1289401
479,3828112597,DOM RED FAT CHOC CHI,16 OZ,12,1289411
479,3828112601,DOM CHEWY CHOC CHIP,18 OZ,12,1289421
479,3828112605,DOM LOW FAT CINNAMN,13 OZ,12,1289081
479,3828112609,DOMINICK'S LF HNY GR,14 OZ,12,1289091
477,3904700148,WALKER SHORTBREAD RO,1.5 OZ,24,1260060
479,4000016623,TWIX CARAMEL CKIE BA,2-11 O,6,9890131
479,4000026621,TWIX P.NUT BTR COOKI,9.43 O,12,1290151
479,4000026623,TWIX CARAMEL COOKIE,11 OZ,12,1290161
479,4000026629,TWIX CHOC FUDGE BARS,8.6 OZ,12,1290181
479,4000026630,TWIX COOKIES N CREME,8.6 OZ,12,1290201
479,4112304107,~DUTCH TWIN SUGAR WA,8 OZ,12,1291211
479,4112305103,DUTCH TWIN FUDGE STI,9 OZ,12,1291201
479,4117506483,PS CHOCOLATE CHIP CO,12 OZ,12,1289431
479,4117506489,PS CHOC CHIP MAC COO,12 OZ,12,1289441
479,4117506490,PS OATMEAL RAISIN CO,12 OZ,12,1289461
479,4117506492,PS CHOC CHIP PEACAN,12 OZ,12,1289451
479,4117506498,PS PEANUT BUTTER COO,12 OZ,12,1289471
478,4185600001,SIR ROBERT LEMON CRI,8 OZ,1,1287890
478,4185600002,SR ROBT. SUNSHNE BTT,8 OZ,1,1287900
478,4185600003,SIR RBT. PCN CHOC CH,8 OZ,1,1287910
478,4185600004,SIR ROBERT RAINBOW C,8 OZ,1,1287860
478,4185600005,SR ROBT. PNUTBUTTR N,8 OZ,1,1287880
478,4245600010,PIROULUXE BELGIN ROL,1.67 O,12,2600210
478,4245600020,PIROULINE CHOC ROLL,2.5 OZ,12,2600200
478,4245600030,MINT ROLL WAFER,2.5 OZ,12,1266280
477,4400000003,NABISCO FFAV FUDGE G,12.5OZ,12,1276400
477,4400000004,NAB BUGS BUNNY GRAHA,2 OZ,24,1274050
477,4400000006,NABISCO FFAV STRIPE,11.5 O,12,1276410
477,4400000007,~NABICSO ARROWROOT B,10.5OZ,6,1278150
477,4400000010,NABISCO FAMILY FAV O,14 OZ,12,1276360
477,4400000022,NABISCO FAMOUS COOKI,11 OZ,6,1275880
477,4400000029,CHUNKY CHIPS AHOY!,15.5 O,12,1278550
477,4400000040,STRIPED CHIPS AHOY,11.5 O,12,127664
477,4400000068,NAB BISCOS SUGAR WAF,10 OZ,6,1275850
477,4400000069,NABISCO OREO BIG STU,14 OZ,12,127752
477,4400000100,FIG NEWTON-PRICE OF,16 OZ,12,1277300
477,4400000107,COOKIES 'N FUDGE SHT,5.5 OZ,12,1274220
477,4400000110,REDUCED FAT CHIPS AH,16 OZ,12,1277630
477,4400000111,COOKIE 'N FUDGE PART,5.5 OZ,12,1274240
477,4400000112,REDUCED FAT OREO,20 OZ,12,1277510
477,4400000113,NABISCO FAMILY FAV O,14 OZ,12,1276360
477,4400000145,FAT FREE NEWTON SING,2.1 OZ,48,1277400
477,4400000159,FAMOUS CHOCOLATE WAF,8 OZ,12,1277650
477,4400000160,WHITE FUDGE COVERED,14 OZ,12,1277560
477,4400000174,SNACKWELLS CHOC SAND,1.7 OZ,48,1277810
477,4400000176,SNACKWELLS CREME SAN,1.7 OZ,48,1277800
477,4400000179,~PECAN PASSION,14 OZ,12,1277770
477,4400000230,NABISCO BAKERS BONUS,14 OZ,12,1276350
477,4400000234,STRAWBERRY NEWTONS,12 OZ,12,1278870
477,4400000243,HONEY MAID CHOCOLATE,16 OZ,12,1274320
477,4400000249,NAB NILLA VANILLA WA,12 OZ,12,1276050
477,4400000250,NAB NILLA VANILLA WA,7.25 O,6,1276100
477,4400000261,SPRING OREO,20 OZ,12,9813040
477,4400000264,SPRING OREO MULTI PA,10.8 O,12,9813080
477,4400000271,~OREO SNACK PACKS,8.5 OZ,12,1277670
477,4400000282,~SNACKWELL'S CHOC TR,7.5,12,1277610
477,4400000298,FAT FREE NEWTON STRW,2.1 OZ,48,1277420
477,4400000301,SNACKWELL'S FF DEVIL,1.1 OZ,48,1277430
477,4400000335,NABISCO     LORNA DO,10 OZ,12,1277500
477,4400000336,~MINI CHIPS AHOY SNA,8 OZ,12,1277690
480,4400000338,~RITZ BITS CHS SNDW,8 OZ,12,1274540
477,4400000347,DIZZY GRIZZLIES CHOC,10 OZ,12,1277070
477,4400000348,DIZZY GRIZ VANILLA G,10 OZ,12,1277090
477,4400000352,NABISCO IMPORTED DAN,14 OZ,36,9812850
477,4400000356,~NAB ORIG APPLE NEWT,12 OZ,12,1278900
477,4400000365,NABISCO OLDFASH GING,16 OZ,6,1276150
477,4400000379,NAB BARNUMS ANIMALS,2 OZ,24,1274080
477,4400000387,NEWTON APPLE CINN CO,11 OZ,12,1277360
477,4400000388,NEWTON PEACH APRICOT,11 OZ,12,1277370
477,4400000450,ALMOST HOME CHOCOLAT,12 OZ,12,1279310
477,4400000451,ALMST HME FDGE CHOC,12 OZ,12,1279120
477,4400000453,ALMOST HOME OATMEAL,12 OZ,12,1279320
477,4400000455,ALMST HM PNT BTR FDG,12 OZ,12,127909
477,4400000474,NILLA WAFERS REDUCED,11 OZ,12,1277000
477,4400000475,REDUCED FAT NILLA WA,11 OZ,12,1277010
477,4400000498,SNACKWELL'S CHOC CHR,6.5 OZ,12,1277840
477,4400000500,SNACKWELLS APLE RSN,6.5 OZ,12,1277790
477,4400000502,SNACKWELL'S BANANA S,6.5 OZ,12,1277850
477,4400000504,NABISCO OREO BROWNIE,6.5 OZ,12,1277660
477,4400000508,NAB CKIES & FDGE STR,11.5OZ,12,1278020
477,4400000516,NABISCO  OREO CRM SA,16 OZ,12,1277570
477,4400000527,NABISCO FIG NEWTONS,16 OZ,12,1277300
480,4400000540,TRISCUIT THIN CRISP,8.5 OZ,12,1277190
477,4400000550,NABISCO CHIPS AHOY C,12 OZ,12,1276620
477,4400000551,NABISCO CHIPS AHOY,18 OZ,12,1276650
477,4400000575,NABISCO DEVILS FOOD,8 OZ,12,1277150
477,4400000576,HEALTHY CHOICE APRIC,5.75 O,12,1274820
477,4400000577,HC CINNAMON RAISIN B,5.75 O,12,1274830
477,4400000580,HEALTHY CHOICE RASPB,5.75 O,12,1274800
477,4400000581,HEALTHY CHOICE FUDGE,4.25 O,12,1274810
477,4400000585,NAB PECAN SHORTBREAD,13 OZ,12,1277950
477,4400000616,NABISCO   OREO DOUBL,16 OZ,12,1277590
477,4400000620,NABISCO CHOCOLATE MI,6 OZ,12,1275960
477,4400000635,NAB COOKIE BREAK VAN,20 OZ,12,1277050
477,4400000638,NAB MYSTIC MINT SAND,11.5 O,12,1276000
477,4400000641,NAB CKIES & FDGE PAR,12.5OZ,12,1274210
477,4400000653,NAB MSHMLW TWIRLS,12 OZ,12,1276750
477,4400000655,NABISCO OREO DOUBLE,20 OZ,12,1277540
477,4400000664,GIGGLES VANL SANDWIC,10 OZ,12,1277700
477,4400000665,NAB CHOCOLATE PINWHE,12 OZ,12,1276750
477,4400000674,NABISCO PURE CHOC.MA,8 OZ,12,1275860
477,4400000679,GIGGLES CHOCOLATE SA,10 OZ,12,1277710
477,4400000693,NAB BISCOS WAFFLE CR,10 OZ,12,1276500
477,4400000699,NABISCO   PNT CREAM,10.5OZ,12,1277850
477,4400000716,OREO RF SANDWICH,16 OZ,12,1277640
477,4400000720,NABISCO OREO SANDWIC,20 OZ,12,1277580
477,4400000724,NAB CHEWY CHIPS AHOY,18 OZ,12,1276660
477,4400000924,NAB CKIES N FDG STRP,11.5 O,12,1278030
477,4400002850,VANILLA TEDDY GRAHAM,10 OZ,6,1277760
477,4400003484,COOKIES N FDG STRIPE,9 OZ,12,1278040
477,4400003601,NAB NEWTONS VARIETY,13 OZ,12,1278840
477,4400003619,ALMOST HOME OATMEAL,16 OZ,12,1279270
477,4400003620,ALMOST HOME REAL CHO,16 OZ,12,1279204
477,4400003621,ALMOST HOME OLD FASH,16 OZ,12,1279280
477,4400003630,CHPS AHY CHNKY CHOCO,12.5OZ,12,1276680
477,4400003631,~NAB STRIPED CHIPS A,15.5 O,12,1276670
477,4400003632,NABISCO CHIPS AHOY,36OZ,6,1278400
477,4400003633,CHIPS AHOY FAMILY PA,24 OZ,6,1279300
477,4400003679,NUTTER BUTTER PNT BT,16 OZ,12,1277600
477,4400003680,CAMEO CREME SANDWICH,15.5 O,12,1278060
477,4400003692,SUDDENLY S'MORES GRH,10.5OZ,12,1276760
480,4400003703,SNACKWELLS CLASC GLD,5 OZ,12,1274680
477,4400003706,~SNACKWELL'S DOUBLE,6.25OZ,12,1274910
477,4400003712,CINNAMON RAISIN NUT,16 OZ,12,1278850
477,4400003714,SPRINKLED CHIPS AHOY,14.5 O,12,1276710
477,4400003719,CHIP AHOY SLCTNS OAT,12.5 O,12,1276720
477,4400003720,CHIPS AHOY SELEC CHO,12.5OZ,12,1276730
477,4400003721,NAB NILLA VANILLA WA,12 OZ,12,1276050
477,4400003722,CHIPS AHOY BONUS PAC,18 OZ,12,9840290
477,4400003729,FUDGE COVERED OREOS,14 OZ,12,1277550
477,4400003732,NAB CHEWY CHIPS AHOY,18 OZ,12,1276660
477,4400003753,NABISCO FIG NEWTON,32 OZ,12,1278420
477,4400003799,BARNUM'S ANIMAL PAIL,6 OZ,12,9840300
477,4400004483,RASPBERRY NEWTONS,12 OZ,12,1278860
477,4400004557,CHOCOLATE TEDDY GRAH,10 OZ,6,1277750
477,4400004558,HONEY TEDDY GRAHAMS,10 OZ,6,1277740
477,4400004559,CINNAMON TEDDY GRAHA,10 OZ,6,1277730
477,4400004570,NAB CK FDGE STRP PNT,9 OZ,12,127805
477,4400004606,NAB COOKIE BREAK VAN,20 OZ,12,1277050
477,4400004607,MINI CHIPS AHOY,7 OZ,12,1277610
477,4400004611,NUTTER BUTTER BITES,10 OZ,12,1276770
477,4400004612,TEDDY GRAHAMS VARIET,4.87 O,12,1277770
477,4400004619,T.G. BEARWICHS VAN,11 OZ,6,1277800
477,4400004620,T.G. BEARWICHS CHOC,11 OZ,6,1277780
477,4400004621,T.G. BEARWICHS CINN,11 OZ,6,1277790
477,4400004625,OREO BIG STUF DISPLA,4.2 OZ,72,9840730
477,4400004631,NUTTER BUTTER PNT BT,16 OZ,12,1277600
477,4400004632,CAMEO CREME SANDWICH,16 OZ,12,1278060
477,4400004666,OREO SNACK PACK,8.5 OZ,12,1277630
477,4400004685,CHIPS AHOY SELECTION,12.5OZ,12,1276630
477,4400004686,MINI OREO BITE SIZE,7 OZ,12,1277640
477,4400004690,MADE EM MYSELF DECOR,13.5 O,12,9840310
477,4400004697,MINI CHIPS AHOY,10.5OZ,6,1277620
477,4400004699,OREO HALLOWEEN TREAT,10.8 O,12,9846040
477,4400004709,FIG NEWTON ANNIVERSA,16 OZ,14,9840440
477,4400004712,HALLOWEEN OREO,20 OZ,12,9846030
477,4400004713,FAT FREE FIG NEWTONS,12 OZ,12,1277310
480,4400004718,GARDEN CRISPS CRACKE,7.5 OZ,6,1275290
477,4400004719,NABISCO OREO SANDWIC,42 OZ.,6,1278460
477,4400004730,FAT FREE APPLE NEWTO,12 OZ,12,1277320
477,4400004740,TEDDY GRAHAM ROCKIN,10 OZ,6,9840210
477,4400004741,TEDDY GRAHAM BEACH B,10 OZ,6,9840230
477,4400004743,CHIPS AHOY SELECTION,7 OZ,12,1276630
477,4400004744,CHIPS AHOY CHOC CHUN,7 OZ,12,1276700
477,4400004745,CHPS AHY CHNKY CHOCO,7 OZ,12,1276680
477,4400004746,MINI OREO BITE SIZE,7.5 OZ,12,1277640
477,4400004747,MINI OREO SHIPPER,7.5 OZ,48,9840360
477,4400004753,NILLA WAFER BONUS PA,16 OZ,12,9840330
480,4400004779,RITZ CHOCOLATE DIPPE,4.5 OZ,1,9874420
477,4400004781,CHPS AHOY SLCT WHT F,7 OZ,12,1276690
477,4400004791,CHIPS AHOY ROCKERS,12.5OZ,12,1276720
477,4400004807,SNACKWELL'S CHOC CHI,7.5 OZ,6,1274640
477,4400004817,CHIPS AHOY SELSCTION,7 OZ,48,9840250
477,4400004833,NAB. HONEY MAID CRUS,6 OZ,18,9846550
477,4400004834,NAB. OREO CRUSTS,6 OZ,18,9846560
477,4400004835,NAB. NILLA CRUSTS,6 OZ,18,9846570
477,4400004865,NAB FAT FREE CRANBER,12 OZ,12,1277330
477,4400004868,NAB FAT FREE RASPBER,12 OZ,12,1277340
477,4400004869,NAB FAT FREE STRAWBE,12 OZ,12,1277350
477,4400004882,NAB BUGS BUNNY CHOC,10 OZ,6,1277060
477,4400004883,~NAB BUGS BUNNY CINN,10 OZ,6,1277070
477,4400004889,SNACKWELL CHOC CRM S,7.75OZ,12,1274670
477,4400004893,CHUNKY CHIPS AHOY!,15.5 O,12,1278550
477,4400004898,CHUNKY CHIPS AHOY],16 OZ,12,1278550
477,4400004906,CHIPS AHOY CHOC CHUN,7 OZ,12,1276700
477,4400004907,CHIPS AHOY SLCTNS CH,12.5 O,12,1276690
477,4400004912,OREO BIG STUFF,12.5 O,12,1277530
477,4400004921,FAM FVORITES VANILLA,16 OZ,12,1276370
480,4400004922,MR PHIPPS BONUS PACK,10.75O,12,1276460
477,4400004926,CHIPS AHOY BONUS PAC,24 OZ,6,9812210
477,4400004966,MINI OREO BITE SIZE,7.5 OZ,12,1277640
477,4400004981,NABISCO HOLIDAY CHIP,14.5 O,12,9845920
480,4400008842,NAB OREO SANDWICH,24OZ,4,1278520
480,4400008843,CHIPS AHOY!!! SINGLE,16.8OZ,4,1278540
477,4400008844,NAB FIG NEWTON SINGL,24OZ,4,1278560
477,4400008845,NUTTER BUTTER,22.8 O,4,1278580
477,4400008847,TEDDY GRAHAMS,18 OZ,4,1278600
477,4400008869,MINI CHIPS AHOY,21 OZ,4,1278620
485,4610000862,CHOC CHP COOKIE STK/,5 OZ,12,1214371
477,4617500021,CHICAGO KID CHOC CRM,6 OZ,24,35370
477,4617500022,CHICAGO KID DUPLX CR,6 OZ,24,35380
477,4617500024,CHICAGO KID VAN CREM,6 OZ,24,35304
477,4931200001,26.2OZ. LA CORONA DE,26.2OZ,6,1215040
477,5040024452,BRK CAKE VANILLA SGR,4 OZ,1,28920
478,5100005220,DELACRE NEBO SP MLK,5.3 OZ,24,1269980
478,5100005978,DELACRE BIARRITZ,4.4 OZ,12,1269990
485,5162409001,A.M. CLSC MUNCHIE BE,1.75 O,72,9846410
477,5565311860,DARE SUNMAID OAT RAI,10.6 O,12,1287910
485,5929056565,CARR'S SAVORY BISCUI,8.5 OZ,4,1291710
485,5929057410,CARRS DRK CH WHEATOL,5.29OZ,12,1207140
478,5929057429,CARR'S MILK CHOC WHT,5.29OZ,12,1207200
478,5929057471,CARRS MILK CHOC BUTT,4.4 OZ,12,1207230
478,5929057472,CARR'S DARK CHOC BUT,4.4 OZ,12,1207220
478,5929057473,CARR'S MILK CHOCOLAT,4.4 OZ,12,1207180
478,5929057481,CARR'S CLASSIC SHORT,5.3 OZ,12,9852820
478,6199789005,WINDSOR SUGAR WAFERS,4 OZ,24,9870010
478,6598720101,PEEK ARROWROOT,7 OZ,12,1297530
478,6598720116,PEEK FREEN GINGER CR,7 OZ,12,1256370
478,6598720121,PEEK FREEN NICE,7 OZ,12,1297550
478,6598720126,PEEK FREEN SHORTCAKE,7 OZ,12,1297560
478,6598720136,PEEK PETIT BEURRE,7 OZ,12,1297570
478,6598720211,PEAK FREAN FRUIT CRE,7 OZ,12,1297540
477,6598720297,PEEK FREANS RF VAN C,7.75OZ,12,9852020
477,6598720298,PEEK FREANS RF CHC C,7.75OZ,12,9852010
485,6672112771,RED OVAL MINI LEMON,8.8 OZ,12,1289810
478,6740400538,BRANDT PFEFFERNUSSE,7.1 OZ,44,9812730
477,7014005713,MAMA'S LEMON CREMES,15 OZ,12,1259730
477,7014005723,MAMA'S VANILLA CREME,15 OZ,12,1259740
477,7014005733,MAMA'S DUPLEX CREMES,15 OZ,12,1259720
477,7014005743,$MAMAS 2 IN 1 CREME,15 OZ,12,1259530
477,7014005755,MAMA'S VANILLA CREME,13 OZ,12,1259740
477,7014005756,MAMA'S DUPLEX CREMES,13 OZ,12,1259720
477,7014005874,MAMA'S VANILLA CREME,5OZ,24,1259600
477,7014005875,MAMA'S BANANA CREME,5OZ,24,1259510
477,7014005876,MAMA'S STRAWBERRY CR,5OZ,24,1259590
477,7014005877,MAMA'S LEMON CREMES,5OZ,24,1259580
477,7014005933,MAMA'S VANILLA CREME,6 OZ,24,1259600
477,7014005953,MAMA'S BANANA CREMES,6 OZ,24,1259510
477,7014005973,MAMA'S STRAWBERRY CR,6 OZ,24,1259590
477,7014007813,MAMA'S CHOCO SUGAR W,3.5 OZ,24,1271790
477,7014007823,MAMA'S STRAW SUGAR W,3.5 OZ,24,1271770
477,7014007824,MAMA'S LEMON CREMES,6 OZ,24,1259580
477,7014007893,MAMA'S VANILLA SUGAR,3.5 OZ,24,1271780
480,7031212612,SWEETHEART SINGLE CH,.564 O,24,9887831
478,7045311101,LENELL CHOCOLATE CHI,9.5 OZ,12,1287560
478,7045311102,LENELL ALMONETTE,8.25OZ,12,1287570
478,7045311103,M/L REAL COCONUTCOOK,10 OZ,12,1287610
478,7045311104,LENELL PEANUT BUTTER,7.75OZ,12,1287250
478,7045311105,LENELL BUTTERSCOTCH,9 0Z,12,1287300
478,7045311106,LENELL JELLY STARS,8 OZ,12,1287350
478,7045311107,LENELL CHOC CHOC CHI,12 OZ,12,1287400
478,7045311108,M LENELL SWEDISH SUG,10.5OZ,12,1287580
478,7045311109,M/L OATMEAL RAISIN C,10 OZ,12,1287620
478,7045311111,LENELL ICE BOX PINWH,9.5 OZ,12,1287600
478,7045311112,LENELL FAMILY ASSORT,11 OZ,12,1287650
478,7045311113,LENELL FAMILY FAVORI,20 OZ,12,1287700
478,7045311116,MAURICE LENELL TOFFE,10 OZ,12,1287510
477,7045311117,M. LENELL VALENTINE,12 OZ,12,9812250
477,7045311118,LENELL BUNNY COOKIES,12 OZ,12,9812260
478,7045311126,M LENNEL SANTA COOKI,56 OZ,10,9812690
477,7045311128,$M LENELL SHAMROCK C,10 OZ,12,9812530
478,7045311129,M LENNEL XMAS TREE C,11 OZ,12,9812660
478,7045311131,ML XMAS JELLY STAR C,8 OZ,12,9812670
478,7045311132,M LENNEL XMAS ALMONE,8.5 OZ,12,9812680
478,7045311133,LENELL CHOC CHOC CHI,12 OZ,12,1287400
478,7045311134,MAURICE LENELL GOURM,16 OZ,12,1287750
478,7045311135,LENELL CHINESE ALMON,10 OZ,12,1287730
478,7045311147,LENELL DELUXE ASSORT,16 OZ,12,1287780
478,7045311148,M.LENELL MINT CHOC C,12 OZ,12,1287420
478,7045311149,M.LENELL COCONUT MAC,12 OZ,12,1287410
478,7045311150,M/LENELL ASSTD BUCKT,40 OZ,12,9887780
478,7045311151,LENELL CINNAMON CRUN,10.1 O,12,1287260
478,7045311153,MAURICE LENELL DSGNR,18 OZ,12,1287530
478,7045311154,LENELL CRYSTAL PACK,40 OZ,12,9887880
478,7045311155,LENELL 3 LB FAM FAVO,36 OZ,6,1287500
478,7045311156,M L BACK TO SCHL BUC,40 OZ,12,9812240
478,7045311158,M/LENELL ASSTD BUCKT,40 OZ,12,9887780
478,7045311159,ML BACK TO SCHOOL BU,40 OZ,12,9887680
478,7045311160,CUBS BASEBALL COOKIE,40 OZ,12,9887650
478,7045311161,SOX BASEBALL COOKIE,40 OZ,12,9887660
477,7045311163,MAURICE LENELL HLLWN,40 OZ,12,9811960
478,7056910320,BAH LEIBNIZ KEKS LAR,3.5 OZ,24,1264990
478,7056911920,LEIBNIZ LARGE,4.4 OZ,20,1269730
478,7056913950,BAHLSEN DELOBA,3.5 OZ,12,1270110
478,7056917140,BLKBRY CRUMBLIES,4.4 OZ,12,1269970
477,7056920030,BAHLSEN HIT VANILLA,5.3 OZ,5,1269700
478,7056921040,BAHLSEN SWT CHOC WAF,3.5 OZ,12,1256480
478,7056921940,BAHLSEN CHOC WAFER R,3.5 OZ,12,1228810
477,7056921950,CHOC. WAFER ROLLS-MI,3.5 OZ,12,1269720
478,7056926520,BAHLSEN DELICE,3.5 OZ,12,1270100
478,7056927240,BAHLSEN CHOCOLATE ST,4.4 OZ,80,9800300
478,7056927340,BAHLSEN CHOCOLATE ST,4.4 OZ,80,9800300
478,7056929040,BAHLSEN LIEB MILK CH,4.4 OZ,6,1246070
478,7056934660,BAHLSEN HANOVER WAFE,6.2 OZ,15,1265000
478,7056934920,BAHLSEN MARKEN WAFFL,5.3 OZ,12,1270090
477,7056935040,BAHLSEN HIT COCOA,3.5,5,1269710
485,7067000956,$REESE HOLLAND RUSK,4 OZ,24,1259250
479,7147310101,SUN VALLEY DUPLEX CR,32 OZ,12,1289171
479,7147310102,SUN VLY ASST CREMES,32 OZ,12,1289181
479,7147310103,SUN VLY VANILLA CREM,32 OZ,12,1289191
479,7147312928,SUN VALLEY VANILLA W,12 OZ,12,1289151
479,7147313137,HOLIDAY CREME COOKIE,16 OZ,12,9880310
479,7147313545,SUNVALLEY HOL BUTTER,16 OZ,12,9898961
479,7147313561,SUN VALLEY SUGAR WRE,16 OZ,12,9897941
479,7147313562,SUNVALLEY HOL BUTTER,16 OZ,12,9898961
479,7147314014,SUN VLY OLD FASH CHO,18 OZ,18,1289141
479,7147314015,SUN VLY OLD FASH OAT,18 OZ,18,1289211
479,7147314041,SUN VLY ASST OLD FAS,18 OZ,18,1289221
479,7147315914,SUN VALLEY CHOC CHIP,18 OZ,12,1289161
479,7147319345,SANTA'S BAG-CINNAMON,14 OZ,12,9897931
479,7147319361,SANTA'S BAG-SUGAR WR,14 OZ,12,9897941
479,7147319362,SANTA'S BAG-BUTTERY,14 OZ,12,9897951
479,7147349715,BAKELINE SOFTBLEND O,12 OZ,12,1289121
478,7224824045,DESTROOPER PARIS BTT,4.4 OZ,12,1202520
478,7224824065,DESTROOPER BUTTER WA,6.1 OZ,12,1202500
478,7224824066,DESTROOPER ALMD ALMD,6.1 OZ,12,1202510
478,7230454322,STELLA CAROLINE PIZZ,5.5 OZ,24,1281020
478,7232015008,STAUFFERS CHERRY BLO,7 OZ,12,9870030
478,7232015108,STAUFFER'S COOKIES S,7 OZ,12,987018
478,7232015208,STAUFFERS TOASTIES C,7 OZ,12,9870040
478,7232016108,STAUFFERS CHOCOLATE,7 OZ,12,9870050
476,7256004552,FOXES WAFER,1 CT,288,958539
478,7298100501,GOYA ROVIRA VANILLA,18 OZ,12,1298300
478,7299205755,MAUNA LOA COOKIE CHO,7 OZ,12,1280920
478,7299205765,MAUNA LOA COOKIE SHO,7 OZ,12,1280900
478,7299205785,MAUNA LOA CKIE WHT C,7 OZ,12,1280910
478,7334735503,SM SCRE CHS CAKE MOU,4 OZ,12,1256610
485,7341029350,OLD LONDON APPLE SPI,12 OZ,12,1291550
485,7341029351,OLD LONDON CIN SWEET,12 OZ,12,1291530
485,7341029352,OLD LONDON HONEY GRA,12 OZ,12,1291540
478,7351000183,STELLA ONION BREADST,4.5 OZ,35,1281690
478,7351000184,STELLA WHOLE WHEAT B,4.5 OZ,35,1281960
478,7351000192,STELLA D'ORO ANGINET,5 OZ,1,1281060
478,7351000193,STELLA ANISETTE SPON,7 OZ,1,1281100
478,7351000194,STELLA D'ORO ANISETT,6 OZ,1,1281120
478,7351000195,STELLA BREAKFAST TRE,9 OZ,1,1281140
478,7351000196,~STELLA DIET EGG BIS,5 OZ,1,1281180
478,7351000197,~STELLA DORO DIETETI,3 OZ,20,1281160
478,7351000198,STELLA DIET SESAME S,5.5 OZ,35,1281300
478,7351000200,STELLA SUGAR EGG BIS,7 OZ,1,1281280
478,7351000202,STELLA ROYAL NUGGETS,3 OZ,18,1281240
478,7351000228,STELLA MANDEL ALMOND,7 OZ,1,1281370
478,7351000229,~STELLA ANGELICA GOO,10 OZ,1,1281380
478,7351000230,STELLA D'ORO COMO DE,9 OZ,14,1281400
478,7351000231,~STELLA D'ORO EGG JU,7 OZ,1,1281420
477,7351000232,~STELLA D'ORO GOLDEN,10 OZ,1,1281440
478,7351000233,STELLA LOVE COOKIES,8.5 OZ,14,1281460
478,7351000234,STELLA D'ORO PIZZA B,4.5 OZ,35,1281310
478,7351000248,`STELLA DORO FRUIT S,9 OZ,16,9825120
478,7351000249,STELLA D'ORO SWISS F,8 OZ,1,1281510
478,7351000251,STELLA D'ORO CASTELE,10 OZ,21,1281800
478,7351000252,STELLA CHOC CASTELET,10 OZ,21,1281830
478,7351000253,STELLA DORO COCONUT,10 OZ,1,1281450
478,7351000255,STELLA JMBO ANISE,14 OZ,18,1281130
478,7351000258,STELLA CHINESE DESSE,9 0Z,14,1281720
478,7351000259,STELLA DORO MARGHERI,14 OZ,1,1281700
478,7351000260,~STELLA DIET APPLE P,12 OZ,1,1281560
478,7351000261,STELLA DIET COCONUT,9 OZ,12,1281580
478,7351000262,STELLA DIET FIG PAST,12 OZ,12,1281600
478,7351000263,`STELLA DIET PEACH/A,12 OZ,1,1281620
478,7351000264,STELLA DIET PRUNE PA,12 OZ,12,1281640
478,7351000265,STELLA DIET REGINA S,14 OZ,10,1281660
478,7351000266,STELLA LADY STELLA A,15 OZ,12,1281900
478,7351000267,STELLA MARGHERITE WH,14 OZ,1,1281890
478,7351000268,STELLA REGINA SESAME,14 OZ,10,1281880
478,7351000269,~STELLA ROMAN VAN EG,12 OZ,12,1281860
478,7351000270,~STELLA ROMAN BRNDY,12 OZ,12,1281840
478,7351000271,STELLA ROMAN ANISE E,12 OZ,12,1281820
478,7351000272,STELLA DORO PEACH AP,12 OZ,12,128176
478,7351000273,STELLA D'ORO PFEFFER,12 OZ,12,1281780
478,7351000276,STELLA D'ORO ANGEL W,6.5 OZ,12,1281940
478,7351000277,STELLA D'ORO ANGEL B,6.75 O,16,1281470
478,7351000278,STELLA DEEP NIGHT FU,8 OZ,18,1281850
478,7351000279,STELLA D COCONUT MAC,8 OZ,18,9830130
478,7351000281,STELLA DUTCH APPLE B,11 OZ,16,1281810
478,7351000284,STELLA DORO BISCOTTI,10 OZ,16,1281480
478,7351000291,STELLA HOLIDAY TRINK,12 OZ,12,1281870
478,7351000295,STELLA HOSTESS BULK,28 OZ,12,1281910
478,7351000700,~BREAKFAST TREATS SI,12 CT,12,1201100
478,7351000701,~STELLA SWISS FUDGE,12 CT,12,1201120
478,7351000800,FAT FREE GRISSINI BR,4.5 OZ,35,1281570
477,7351000801,STELLA DORO FAT FREE,4.5 OZ,1,1281580
478,7351000802,`APPLE CINNAMON FF,12 OZ,18,1281600
478,7351000803,`STELLA FF PEACH APR,12 OZ,18,1281610
478,7351000804,~NAB FF RASP FRUIT D,12 OZ,12,1281710
477,7351000805,S.D. FAT FREE FRUIT,8.5 OZ,1,1281590
478,7351000828,FAT FREE GRISSINI BR,4.5 OZ,18,1281570
478,7351005500,STELLA DORO BFAST TR,12 CT,1,1201100
478,7351005501,STELLA DORO SWISS FU,12 CT,1,1201120
478,7362149705,HAZELNUT WAFERS,2.25 O,24,1266200
477,7362149712,MANNER LEMON WAFER$,2.25 O,24,1266260
478,7362149735,MANNER SUGARFREE WAF,2.25 O,24,1266250
478,7489600003,~FRNWRT H HLDY SUGAR,10.5OZ,48,9812251
477,7535000365,DELICIOUS POWER RANG,2 OZ,144,9810100
477,7535000375,POWER RANGER SAND CR,10 OZ,48,9810090
477,7535000376,POWER RANGER SAND CR,10 OZ,48,9810090
477,7535000385,APPLE CINNAMON NINJA,11 OZ,12,1287820
477,7535000386,PEANUT BUTTER NINJA,11 OZ,12,1287830
477,7535000387,TMNT HERO COOKIES $,11 OZ,12,1262500
477,7535000455,DELICIOUS SKIPPY PNB,14 OZ,12,1287960
477,7535000460,DELICIOUS SKIPPY/WEL,14 OZ,12,1287900
477,7535000465,CHIQUITA BANANA RAMA,10.25O,12,1288030
477,7535000530,TMNT VILLIANS COOKIE,11 OZ,12,1262520
477,7535001525,$DELICIOUS HEATH TOF,9 OZ,12,1287950
477,7535001530,$DELICIOUS LOL BUTTE,10 OZ,12,1287990
477,7535001840,VANILLA NINJA TURTLE,11 OZ,12,1287800
477,7535001841,CHOCOLATE CHIP NINJA,11 OZ,12,1287810
477,7535001890,DELICIOUS TURTLE BAN,10 OZ,12,9845010
478,7555940454,ROSE TIN BUTTER COOK,1 LB,12,9812970
478,7667710003,F A CHOC CHIP PECAN,7 OZ,12,120600
479,7667710006,FAM AMOS CHOC CHIP W,12 OZ,12,1290121
478,7667710007,F A CHOC CHIP MACDMI,7 OZ,12,120602
479,7667710011,FAMOUS AMOS CHC CHIP,16 OZ,12,1290131
478,7667710013,F A CHOC CHIP NO NUT,7 OZ,12,120601
479,7667710014,FAM AMOS CHOC CHIP S,2 OZ,132,9890101
479,7667710017,FAM AMOS CHOC CHIP C,12 OZ,12,1290101
479,7667710019,FAMOUS AMOS CHOC CHI,18 OZ,12,1290111
479,7667710028,FAM AMOS OATMEAL RAI,12 OZ,12,1290141
477,7667710031,FAMOUS AMOS OATMEAL,16 OZ,12,1290140
479,7667731001,~SNOOPY CINN. COOKIE,10 OZ,12,1289291
479,7667731011,SNOOPY CHOCOLATE COO,10 OZ,12,1289311
477,7667740632,FAMOUS AMOS CHOC CRE,20 OZ,12,1290170
477,7667740672,FAMOUS AMOS VANILLA,20 OZ,12,1290190
477,7667740692,~OATMEAL MACAROON SN,20 OZ,1,1290150
477,7667750010,~FAMOUS AMOS FIG BAR,16 OZ,1,1290280
477,7667750020,FAMOUS AMOS F/F FIG,12 OZ,12,1290240
477,7667750030,~FAMOUS AMOS FF APPL,12 OZ,12,1290250
477,7667750040,FAMOUS AMOS FF STRAW,12 OZ,12,1290260
477,7667760010,FAMOUS AMOS FF CHOC,7 OZ,1,1290270
477,7667760011,FAT FREE BROWNIE SIN,1.4 OZ,1,1290210
479,7723100563,FUSE ASST AMERICAN,EACH,1,7204981
479,7750000204,FRSH N' GOOD LEMON C,14 OZ,12,1290281
479,7750000207,FRSH N GOOD P-NUT BT,14 OZ,12,1290321
479,7750030459,FRSH N' GOOD VANILLA,14 OZ,12,1290221
479,7750030460,FRSH N' GOOD CHOCOLA,14 OZ,12,1290261
479,7750030461,FRSH N' GOOD DUPLEX,14 OZ,12,1290241
479,7750030462,FRSH N' GOOD BUTTER,12 OZ,12,1290081
479,7750030573,FRSH N' GOOD ASSORTE,14 OZ,12,1290341
477,7817000010,GREENFIELDS FF BROWN,7 OZ,12,1214960
477,7817000011,GREENFIELD LOW FAT B,6.6 OZ,12,1215040
477,7898551200,DANSK COOKIES DISNEY,14 OZ,12,9812910
478,7898556731,BUTTER CHOCOLATE CKI,14 OZ,6,9812980
478,7905252000,ELSINORE BUTTER COOK,1 LB,12,9812960
479,7974600016,MATTS CHOC CHIP COOK,16 OZ,12,1290001
479,7974600017,MATTS OTML RAISIN CK,1 LB,12,1290011
479,7974600019,MATTS PEANUT BUTTER,16 OZ,12,1290021
479,7974600101,$MATTS FIG BAR,16 OZ,12,1290031
479,7974600201,MATT'S SUPER CREME C,16 OZ,12,1290051
479,7978348785,ZOO ANIMAL CRACKERS,9CT,12,1229591
478,8190000001,KOALA YUMMIES CHOCOL,2.3 OZ,10,1270080
478,8190000003,KOALA YMMIES BTE SZ,2.3 OZ,10,1270160
477,8190000006,~KOALA YUMMIES VANIL,2.3,10,1270100
478,8190000007,KOALA YUMMIES STRAWB,2.3 OZ,10,1270090
478,8190000107,KOALA YUMMIES VARIET,6.9 OZ,54,9845020
478,8190080004,KOALA YUMMIES CHOCOL,4.2 OZ,12,1270170
479,8201191083,MURRAY PEANUT BUTTER,16 OZ,12,1290321
479,8201191084,MURRAY ASSORTED CREA,16 OZ,12,1290341
479,8201191085,MURRAY DUPLEX CREME,16 OZ,12,1290241
479,8201191086,MURRAY VANILLA CREME,16 OZ,12,1290221
479,8201191087,MURRAY CHOC CREMES,16 OZ,12,1290261
479,8201191088,MURRAY LEMON CREME,16 OZ,12,1290281
479,8201191102,MURRAY CHOC CHIP,12 OZ,12,1290071
479,8201191109,MURRAY BUTTER COOKIE,12 OZ,12,1290081
479,8201191113,MURRAY DUTCH WINDMIL,12 OZ,12,1290311
479,8201191123,MURRAY BANANA CREMES,16 OZ,12,1290251
479,8201191124,MURRAY STRAW CREMES,16 OZ,12,129027
479,8201191231,MURRAY VANILLA CREME,16 OZ,12,1290221
477,8201191251,MURRAY SF VANILLA CR,6.5 OZ,1,1290440
477,8201191252,MURRAY SUGAR FREE LE,6.5 OZ,1,1290450
477,8201191257,MURRAY SUGAR FREE SH,6.5 OZ,1,1290460
477,8201191330,MURRAY SUGAR FREE VA,5.5 OZ,1,1290350
477,8201191331,MURRAY SF PEANUT BUT,6 OZ,1,1290360
477,8201191332,MURRAY SUGAR FREE OA,6.75OZ,1,1290370
477,8201191333,MURRAY SUGAR FREE GI,5.5 OZ,1,1290340
477,8201191714,MURRAY SF LEMON WAFE,5.5 OZ,1,1290430
477,8201191718,MURRAY S F VANILLA W,5.5 OZ,1,1290380
477,8201191719,MURRAY SF STRAWBERRY,5.5 OZ,1,1290390
479,8302512001,ASSORTED COOKIE TINS,12 OZ,12,9898071
479,8302512008,ASSORTED COOKIE TINS,12 OZ,12,9898071
479,8302526001,CURRIER & IVES EARLY,26 OZ,12,9898081
478,9073900100,HOLIDAY DECORATING K,9 OZ,1,9812520
479,9881330101,HOMERS COOKIE SHIPPE,3.5 OZ,135,9890801
479,9881330102,HOMERS COOKIES,10 OZ,12,1290381
478,73031300103,OBIP FF FRENCH VANIL,16 OZ,6,1253090
478,73372610206,BISCOTTI DK CHOC DEC,8 OZ,12,1255230
477,73375700008,A. FARMS DEVIL'S FOO,7 OZ,12,1214950
477,73375700009,A. FARMS CHERRY CHOC,7 OZ,12,1214940
477,73956533144,JURASSIC PARK DINOSA,2 OZ,144,9812700
477,73956588888,FLINTSTONES COOKIE S,2 OZ,144,9808970
477,76672710658,CAPE COD FF CRANBERR,8 OZ,12,1259220
477,76672750557,CAPE COD CRANBERRY C,8 OZ,12,1259200
